##For use with isoglyp v.2; Version 20170327.T12,,,,,,,,,,,,
A,-,1.26,1.10,0.99,0.89,0.82,1.17,1.45,0.76,0.94,0.83,-
C,-,1,1,1,1,1,1,1,1,1,1,-
D,-,0.92,0.85,0.83,1.08,0.56,0.64,0.43,0.56,0.74,0.71,-
E,-,0.98,1.01,1.27,1.16,1.64,0.92,0.75,0.43,0.60,0.61,-
F,-,0.48,0.63,0.74,1.22,0.76,0.42,0.38,0.24,0.73,0.84,-
G,-,1.15,1.09,0.99,0.72,0.80,0.59,1.15,0.58,0.93,0.85,-
H,-,0.86,0.87,0.85,0.91,0.78,0.62,0.55,0.33,0.56,0.84,-
I,-,0.37,0.51,0.69,0.52,1.79,0.56,0.56,0.27,0.74,1.19,-
K,-,0.90,1.05,0.97,0.78,0.91,0.72,0.91,0.52,0.69,0.76,-
L,-,0.70,0.67,0.80,0.85,0.75,0.50,0.54,0.29,0.73,0.80,-
M,-,0.53,0.79,0.95,0.82,1.63,1.10,1.12,0.63,1.04,1.16,-
N,-,1.02,1.02,1.06,1.26,0.76,0.73,0.50,0.37,0.98,0.96,-
P,-,0.85,0.92,0.90,1.07,0.65,1.62,1.05,5.14,2.11,1.59,-
Q,-,1.07,1.07,1.25,1.10,0.98,1.13,1.07,0.47,0.95,1.15,-
R,-,1.45,1.46,1.24,1.02,1.09,1.22,1.43,0.88,1.17,1.29,-
S,-,1.02,1.14,1.01,1.03,0.94,0.96,1.33,0.84,1.22,1.16,-
T,-,1.00,1.00,1.00,1.00,1.00,1.00,1.00,1.00,1.00,1.00,-
V,-,0.80,0.82,0.81,0.79,1.66,0.87,0.73,0.55,0.89,1.16,-
W,-,1.00,1.00,1.00,1.00,1.00,1.00,1.00,1.00,1.00,1.00,-
X,-,1.00,1.00,1.00,1.00,1.00,1.00,1.00,1.00,1.00,1.00,-
-,-,1.00,1.00,1.00,1.00,1.00,1.00,1.00,1.00,1.00,1.00,-
Y,-,1.25,1.36,1.51,2.31,1.53,0.74,0.71,0.56,1.01,1.32,-
+,-,1.00,1.00,1.00,1.00,1.00,1.00,1.00,1.00,1.00,1.00,-
$,-,1.00,1.00,1.00,1.00,1.00,1.00,1.00,1.00,1.00,1.00,-